Nome Completo,Telefone / Whatsapp,Geração
Ana Beatriz da Cruz Silveira ,86999355503,F1 - Wilson e Cleide
Ana Caroline Silva Oliveira ,86994802983,F10 - Aurifran e Ana
Antonia Clara da Silva minha mãe,86994440768,F7 - Italo e Arlania
Antônia Marília da Costa Calaça,8699450-9165,F4 - Célia
Antonio Jose da Silva,86994440768,F7 - Italo e Arlania
Ariel das chagas de Lima ,86995720042,F8 - Filho e Jane
Ariel das chagas lima ,55 86995720042,F8 - Filho e Jane
Aylla Cristine Moraes Sousa ,86988465285,F8 - Filho e Jane
Bernardo da Silva Cardoso ,.,F5 - Teodoro e Cristiane
Carlos Eduardo Leitão Rebelo,86995113715,F1 - Wilson e Cleide
Cherlanilson Rodrigues da Silva Leite ,86994164656,F6 - Jozafá e Késia
Cherlanilson Rodrigues da Silva Leite ,86994164656,F6 - Jozafá e Késia
Claudean,999593689,F3 - Jhonny e Elis
Claudean ,99593689,F3 - Jhonny e Elis
Cristiano Oliveira De Figueiredo ,86998024925,F1 - Wilson e Cleide
Débora ,8699899093,F8 - Filho e Jane
Deusdilene Maria Campêlo Torres Veras,9998841-1390,F8 - Filho e Jane
Edésio Santos da Silva ,99981330595,F8 - Filho e Jane
Francisca Antonia pessoa mesquita,86981905430,F10 - Aurifran e Ana
Francisca Eula das Neves Vicente ,86988231302,F5 - Teodoro e Cristiane
Gabriel Lima da costa,86994858471,F7 - Italo e Arlania
Gabriela visgueira Alves ,86994697900,F1 - Wilson e Cleide
Geovana Franco da Silva ,86995094762,F1 - Wilson e Cleide
Gilmar Albino da Silva Júnior ,86998217089,F1 - Wilson e Cleide
Gustavo de sena Carvalho ,86994736269,F1 - Wilson e Cleide
Hadassa Raquel Almeida de Sousa ,86 995666415,F5 - Teodoro e Cristiane
Hanna Gomes de Moraes,86 98895-5277,F6 - Jozafá e Késia
Ildomar Vieira de Sousa Júnior ,86995148896,F12 - Josadeck e Ially
Isaac Fernandes,994718128,F1 - Wilson e Cleide
Isabelly Saboia Lima ,(86) 99492-2923,F1 - Wilson e Cleide
Islandina de Fátima Freitas Andrade ,86998033010,F1 - Wilson e Cleide
Jaciel Osmar De Sousa Alves,86 99815-3666,AINDA NÃO TENHO LÍDER DE CÉLULA
Jhenifer da Silva amorim ,86998165627,F1 - Wilson e Cleide
Jose conceiçâo lima silva ,99996512861,F8 - Filho e Jane
Kamilly vitória Aguiar lima,86994858471,F7 - Italo e Arlania
Kathelin Lohana Cardoso da Costa ,86 995386904,F5 - Teodoro e Cristiane
Kathellin Lohana Cardoso da Costa ,.,F5 - Teodoro e Cristiane
Kerryson Vinicius ,8699899093,F8 - Filho e Jane
Larissa Helen Marinho de Morais,86994364635,F12 - Josadeck e Ially
Liara Sousa Silva Alves,86 99484-0610,AINDA NÃO TENHO LÍDER DE CÉLULA
Lizziane Rodrigues de souza ,86 99409-8826 ,F1 - Wilson e Cleide
Luciana vitória Matos Silva ,86998186671,F8 - Filho e Jane
Luis de aquino sousa neto ,8699595-7105 ,F6 - Jozafá e Késia
Luiz Antonio da Silva Braga,86995899113,F8 - Filho e Jane
Marcos elissandro sousa da silva,86988024716,F6 - Jozafá e Késia
Marcos Francisco Rodrigues dos Santos,89994237468,F4 - Célia
Marcus Vinicius Vasconcelos da Silva ,86994843376,F8 - Filho e Jane
Maria Eduarda Sampaio Silva ,86999356678,F5 - Teodoro e Cristiane
Maria Isadora de Sena Monteiro ,86-995833632 ,F1 - Wilson e Cleide
Maria Jovelita dos Santos Oliveira Conceição ,86995945034,F2 - Francisco e Chaguinha
Mateus Vieira evangelista ,86995779801,F6 - Jozafá e Késia
Mykaelly Monysya Bonfim Ribeiro ,86994402297,F4 - Célia
Naila Tatiana Carvalho da Silva ,86988231302,F5 - Teodoro e Cristiane
Pedro egidio pinheiro viera,86995243297,F8 - Filho e Jane
Raimunda Luiza Rodrigues da Costa ,86999228230,F10 - Aurifran e Ana
Samuel Arthur Martins de Sousa,+55 86 99400-9975,F1 - Wilson e Cleide
Samuel Arthur Martins de Sousa,86 99400-9975,F1 - Wilson e Cleide
Sandra maria Rodrigues de Sousa ,86988073625,F1 - Wilson e Cleide
Sergio Leonardo Campelo Veras ,99984061667,F8 - Filho e Jane
Thais Sousa Rodrigues,+55 86 99410-6015,F1 - Wilson e Cleide
Thiago Macedo Mascarenhas,(86)99592-6392,F4 - Célia
Vinícius Alves de Souza ,86999346191,F1 - Wilson e Cleide
Virgínia Maria Da Conceição ,86981389281,F6 - Jozafá e Késia