NOME COMPLETO,GÊNERO,CONVIDADO(A) POR,GERAÇÃO
  ( pastora) Maria Aparecida Queiroz e Silva,Feminino,Apóstolo Soares,F02) - Francisco e Chaguinha
 Gleyciara Soares de Maia,Feminino,Marta Helena ,F03) - Jhonny e Elis
Adriana da Silva Dourado ,Feminino,Chaguinha ,F02) - Francisco e Chaguinha
Adriana monica Ribeiro lira ,Feminino,Nayliana monte,F10) - Aurifran e Ana
Aísla Ribeiro da Silva ,Feminino,Marta ,F03) - Jhonny e Elis
Alane Giuska Santos Oliveira ,Feminino,Arlania ,F07) - Italo e Arlania
Alcione Maria Alves de Carvalho ,Feminino,Elisane ,F03) - Jhonny e Elis
Alice lani sales dos Santos ,Feminino,Camila e Lucivaldo ,F01) - Wilson e Cleide
Aline Matias dos Santos ,Feminino,Allane,F12) - Josadeck e Ially
Amanda Barbosa de Sousa ,Feminino,Pra Jane,F08) - Filho e Jane
Ana Beatriz Costa Oliveira ,Feminino,Aliciane,F01) - Wilson e Cleide
Ana Beatriz dos Santos Borges ,Feminino,Allane,F12) - Josadeck e Ially
Ana Caroline Silva Oliveira ,Feminino,Marbra Luana ,F07) - Italo e Arlania
Ana Caroline Silva Oliveira ,Feminino,Marbra Luana ,F07) - Italo e Arlania
Ana Isabela Ferreira Dias,Feminino,Mujaci,F06) - Jozafá e Késia
Ana Júlia Soares Quadros ,Feminino,Larinne ,F03) - Jhonny e Elis
Ana Luiza Miranda Vasconcelos,Feminino,Larinne ,F03) - Jhonny e Elis
Ana Patrícia Leal Queiroz ,Feminino,Apóstolo ,F12) - Josadeck e Ially
Ana vitória Alves marinho Silva ,Feminino,Célia ,F04) - Célia
Ana vitoria alves silva,Feminino,Pastora Celia,F04) - Célia
Andressa Santos Lima de Sousa ,Feminino,Pr Ana,F10) - Aurifran e Ana
Antônia Lúcia ,Feminino,Mayara ,F12) - Josadeck e Ially
Antonia Vieira da Silva de Sousa ,Feminino,Otilia ,F01) - Wilson e Cleide
Ariele de Oliveira Gonçalves,Feminino,Ana lei e Renato ,F01) - Wilson e Cleide
Athaline Tuane de Sousa e Silva ,Feminino,Kelly,F08) - Filho e Jane
Athaline Tuane de Sousa e Silva ,Feminino,Aryane Kelly ,F08) - Filho e Jane
Aulane de souza Bastos ,Feminino,Pastora chaguinha ,F02) - Francisco e Chaguinha
Bianca ,Feminino,Anderson,F04) - Célia
Bianca Rodrigues ,Feminino,Joelina,F02) - Francisco e Chaguinha
Biona ,Feminino,Iraildes ,F04) - Célia
Blenda Francineide ribeiro da costa ,Feminino,Yara e isadora,F11) - Márcio e Jucélia
Bruna Larissa Sousa Vasconcelos ,Feminino,Joelina,F02) - Francisco e Chaguinha
Camila cristina Silva de carvalho ,Feminino,Meus pastores ,F01) - Wilson e Cleide
Camila Lima da Silva,Feminino,Jaqueline ,F05) - Marcos Teodoro e Cristiane
Carla Auana Pereira de Alencar,Feminino,Rafaela e Diego,F02) - Francisco e Chaguinha
Catarine Rodrigues monteles,Feminino,Pra cleide ,F01) - Wilson e Cleide
Cleuma Silva Maciel ,Feminino,Katienne ,F02) - Francisco e Chaguinha
Conceição Rodrigues da silva ,Feminino,Pastora Aparecida ,CARAVANA
Daiane mesquita lima Teixeira,Feminino,Aísla ,F03) - Jhonny e Elis
Daniele de Jesus Rocha Nascimento ,Feminino,Márcia Costa,F03) - Jhonny e Elis
Daniele Faria,Feminino,Camila ,F01) - Wilson e Cleide
Daniele kelle da Silva pereira ,Feminino,Mayla e lucas ,F08) - Filho e Jane
Débora Emily ,Feminino,Késia ,F06) - Jozafá e Késia
Debora Lourrany Batista Avelino Dias,Feminino,Arthur Felipe veloso ,F12) - Josadeck e Ially
Débora Maysa Lima Oliveira ,Feminino,Eliz,F03) - Jhonny e Elis
Deusilene Alves sepulveda,Feminino,Pra Cleide ,F01) - Wilson e Cleide
Edilane Raquely de Sousa ,Feminino,Thyago,F12) - Josadeck e Ially
Edilene pinho ribeiro ,Feminino,Aísla ,F03) - Jhonny e Elis
Edna Marcela Mendes Lopes ,Feminino,Pastora Ana ,F10) - Aurifran e Ana
Elaine Maria da Silva Vitoriano,Feminino,Marcia,F03) - Jhonny e Elis
Eva Marques da Silva ,Feminino,Mayara,F06) - Jozafá e Késia
Evelyn Maria da Silva Melo,Feminino,Francyelle ,F03) - Jhonny e Elis
Flávia ,Feminino,Iraildes ,F04) - Célia
Franciely Delmiro da Silva,Feminino,Marcia,F03) - Jhonny e Elis
Francisca Erica Lucas Rodrigues ,Feminino,Vou plantar uma semente.,F10) - Aurifran e Ana
Francisca Ferreira da Silva ,Feminino,Pra. Cleide e Pr wilson ,F01) - Wilson e Cleide
Geane Dias Rodrigues ,Feminino,Pra Cleide e Pr Wilson ,F01) - Wilson e Cleide
Geniely Lima da Silva ,Feminino,Aryane Kelly ,F08) - Filho e Jane
GENIELY LIMA SILVA ,Feminino,Kelly,F08) - Filho e Jane
Giulia Hadassa Leite dos Santos ,Feminino,Jéssica ,F08) - Filho e Jane
Graziele Alves Viana,Feminino,Allane,F12) - Josadeck e Ially
Helen Ferreira ,Feminino,Amanda ,F08) - Filho e Jane
Helen Ferreira de Melo,Feminino,Joyce Marreiros ,F08) - Filho e Jane
Heloa Cristiane Dias de Oliveira,Feminino,Jaqueline ,F05) - Marcos Teodoro e Cristiane
Iara oliveira dos reis,Feminino,Blenda/Francinete,F11) - Márcio e Jucélia
Iara Thiara Freitas Silva ,Feminino,Deus ,Não tenho Líder ainda.
Iasmin vitória frança da Silva ,Feminino,Celina de sena rosa Alves Campos da Silva ,F07) - Italo e Arlania
Ilan Silva Araujo,Feminino,Alice,F01) - Wilson e Cleide
Isabel Cristina Rodrigues Moreira ,Feminino,"Espírito Santo, Juliane, pastora Ana",F10) - Aurifran e Ana
Isadora Ribeiro de Carvalho ,Feminino,Blenda/Francinete,F11) - Márcio e Jucélia
Islandina de Fátima Freitas Andrade ,Feminino,Camila ,F01) - Wilson e Cleide
Ivoneide Barbosa dos Santos da Silva ,Feminino,Lorena,F03) - Jhonny e Elis
Jackeline Rodrigues da Silva benvindo ,Feminino,Past. Chaguinha,F02) - Francisco e Chaguinha
Jaina Vieira de Sena,Feminino,Pra. Cleide Pr Wilson ,F01) - Wilson e Cleide
Jamylle ketlen rodrigues costa,Feminino,Larinne ,F03) - Jhonny e Elis
Janiele alves de sousa,Feminino,Pra IALLY ,F12) - Josadeck e Ially
Jerliany Andrielly Correia Cardiais Cruz ,Feminino,Rafaela & Diego,F02) - Francisco e Chaguinha
Jessica ,Feminino,Iraildes ,F04) - Célia
Jéssyka Maria Oliveira Soares ,Feminino,Jesus,F08) - Filho e Jane
Joelma Maria da Silva leitão ,Feminino,Camila e Lucivaldo ,F01) - Wilson e Cleide
Jovana ,Feminino,Alexia ,F09) - Junior e Alexia
Juliana Santos Costa do Nascimento ,Feminino,Pastora Elis,F03) - Jhonny e Elis
Julianne Celestino dos Santos Ferreira ,Feminino,Meus líderes ,F06) - Jozafá e Késia
Kallyne de moraes de sousa ,Feminino,Vi o convite no culto de domingo ,Não tenho Líder ainda.
Karine Silva Moreira ,Feminino,Missionária Gardenia ,F01) - Wilson e Cleide
Karla ,Feminino,Alexia Ingrid ,F09) - Junior e Alexia
Kássia Lorena lima gomes,Feminino,OZEnir ,F01) - Wilson e Cleide
Kassiane Souza da Silva,Feminino,Débora Maysa,F03) - Jhonny e Elis
Kathellin Lohana Cardoso da Costa,Feminino,JAQUELINE ,F05) - Marcos Teodoro e Cristiane
Kauane costa da Silva,Feminino,Aísla ,F03) - Jhonny e Elis
Kettelyn do Nascimento Silva ,Feminino,Kelly ,F08) - Filho e Jane
Laiane Gomes de Lima Sales,Feminino,Fran e Pedro F8,F08) - Filho e Jane
Lailiane da Conceição leal silva,Feminino,CAMILA ,F01) - Wilson e Cleide
Larinne Fernandes Lustosa ,Feminino,.,F03) - Jhonny e Elis
Laryce Monick da Silva Sousa ,Feminino,Natália Alves dos Santos ,F03) - Jhonny e Elis
Lauany Emanuelle Pinheiro ,Feminino,Iara,F05) - Marcos Teodoro e Cristiane
Laudelina maria Borges e Silva ,Feminino,Camila,F01) - Wilson e Cleide
Laura Lorrana ,Feminino,Jovana,F09) - Junior e Alexia
Leide ,Feminino,Laize ,F04) - Célia
Letícia Maria Sampaio de Sousa,Feminino,"Não fui convidada, acabei vendo na publicação dos storys do instagram",Não tenho Líder ainda.
LORENA EVA MARTINS LUZ,Feminino,PASTORA KÉSIA,F06) - Jozafá e Késia
Lorena Teixeira dos Santos ,Feminino,Vou servir ,F03) - Jhonny e Elis
Luana clara Vidal de Sousa,Feminino,Rafaela e Diego,F02) - Francisco e Chaguinha
Luciana Nunes de Oliveira ,Feminino,Pastora aparecida timon ,CARAVANA
Luiza Maria Gomes de Lima ,Feminino,Missionária Gardenia ,F01) - Wilson e Cleide
Maisa Raquel Campos da Silva ,Feminino,Kelly,F08) - Filho e Jane
Mara Beatriz dos Santos ,Feminino,Jovana ,F09) - Junior e Alexia
Marcela Daiane Gomes dos santos,Feminino,OZEnir ,F01) - Wilson e Cleide
Maria Clara Castro Solano Nogueira,Feminino,Jane,Não tenho Líder ainda.
Maria Clara de Sousa Nunes,Feminino,Jaqueline ,F05) - Marcos Teodoro e Cristiane
Maria da Conceição  da Silva Carvalho,Feminino,Camila e Lucivaldo ,F01) - Wilson e Cleide
Maria da conceição viera da silva ,Feminino,Otilia ,F01) - Wilson e Cleide
Maria de Jesus de Sousa ,Feminino,Maria do Amparo ,F10) - Aurifran e Ana
Maria do Amparo Rocha ,Feminino,Pastora Ana ,F10) - Aurifran e Ana
Maria do Socorro Alves Coimbra,Feminino,Camila e pra cleide,F01) - Wilson e Cleide
Maria do Socorro Fernandes da Silva ,Feminino,Larinne ,F03) - Jhonny e Elis
Maria Eduarda Fernandes de Sousa Silva ,Feminino,Arlania ,F07) - Italo e Arlania
Maria Eduarda Pereira da Silva ,Feminino,Não tem,Não tenho Líder ainda.
Maria Eduarda Sampaio Silva ,Feminino,Jaqueline ,F05) - Marcos Teodoro e Cristiane
Maria Eliane Alves Campelo Rodrigues ,Feminino,Nailiana ,F10) - Aurifran e Ana
Maria Eunice Gonçalves da Silva,Feminino,Pra Cleide ,F01) - Wilson e Cleide
Maria Gleiciane Alves da Silva,Feminino,Joelina,F02) - Francisco e Chaguinha
Maria iris Ferreira Bezerra,Feminino,Pr. wilson e Pra Cleide ,F01) - Wilson e Cleide
MARIA JAQUELINE CARDOSO,Feminino,;,F05) - Marcos Teodoro e Cristiane
Maria Luciana Monte Oliveira ,Feminino,Eliane,F10) - Aurifran e Ana
Maria Raiane Gomes dos Santos,Feminino,—————,F12) - Josadeck e Ially
Maria Solange Lustosa Mendes ,Feminino,Larinne ,F03) - Jhonny e Elis
Maria Sorlene Damaceno,Feminino,Alice,F01) - Wilson e Cleide
Maria Tereza Pereira ,Feminino,Pastora Aparecida ,CARAVANA
Maria Veronica Sousa ,Feminino,Maria Carolina,F12) - Josadeck e Ially
Maria Vitória ,Feminino,Jovana ,F09) - Junior e Alexia
maria Vittorya Elegância ,Feminino,Pra. Cleide ,F01) - Wilson e Cleide
Maricelia M. Barbosa de Araújo ,Feminino,Elis,F03) - Jhonny e Elis
Marielly de sousa Magalhães ,Feminino,Maria do Amparo ,F10) - Aurifran e Ana
Markezana de Freitaa Sousa,Feminino,Jovania ,F09) - Junior e Alexia
Marlize Braga ,Feminino,Júnior e Alexia ,F09) - Junior e Alexia
Marta Helena Pessoa Cabral do Nascimento ,Feminino,Marta Helena Pessoa Cabral do Nascimento ,F03) - Jhonny e Elis
Meire isamara de sousa Magalhães ,Feminino,Maria amparo,F10) - Aurifran e Ana
Mikaely Bandeira,Feminino,Alexia,F09) - Junior e Alexia
Monica mazuad oliveira Cronemberg,Feminino,Pra Cleide e Camila ,F01) - Wilson e Cleide
Myrla Kesia Vieira de Alencar,Feminino,—————-,F12) - Josadeck e Ially
Naiana Maria da Silva,Feminino,Pr. Wilson e Pra Cleide ,F01) - Wilson e Cleide
Naila Tatiana Carvalho da Silva,Feminino,Adriana ,F02) - Francisco e Chaguinha
Nailiana da Silva Monte ,Feminino,Pastora Ana,F10) - Aurifran e Ana
Natasha Raquel abreu de loiola,Feminino,Vitoria borges,F08) - Filho e Jane
Natasha raquel abreu de loiola,Feminino,Vitoria borges,F08) - Filho e Jane
Nicassia Gomes da Silva,Feminino,Pra cleide,F01) - Wilson e Cleide
Otilia Gomes ,Feminino,Pra Cleide ,F01) - Wilson e Cleide
Ozenir de Souza Mota Ribeiro ,Feminino,Cleide ,F01) - Wilson e Cleide
Paula Kaelly Campelo De Lima Barros,Feminino,Lucas Maiky,F07) - Italo e Arlania
Paula Mércia de Sousa,Feminino,Camila ,F01) - Wilson e Cleide
PAULINA DANTAS LIMA   ,Feminino,Camila ,F01) - Wilson e Cleide
Rafaela da Silva Matos ,Feminino,Rafaela & Diego,F02) - Francisco e Chaguinha
Raiane Costa Araújo ,Feminino,Aurifran e Ana,F10) - Aurifran e Ana
Ramon Mendes Soares de Lima,Feminino,Lucivaldo e Camila ,F01) - Wilson e Cleide
Raquely Castro,Feminino,Carol,F12) - Josadeck e Ially
Rhayce moniele de Fátima Silva sousa ,Feminino,Natália Alves dos Santos,F03) - Jhonny e Elis
Sabrina ,Feminino,Anderson ,F04) - Célia
Sara Luiza Silva Ferreira ,Feminino,Carol e Carlos ,F12) - Josadeck e Ially
Shellida mikelandia leite Malaquias,Feminino,Pra Cleide ,F01) - Wilson e Cleide
Shellida Mikelandia Leite Malaquias Sousa,Feminino,Laudelina ,F01) - Wilson e Cleide
Silvia lais oliveira Cardoso,Feminino,Jaqueline,F05) - Marcos Teodoro e Cristiane
Socorro ,Feminino,Anderson ,F04) - Célia
Taislandia Mayara ,Feminino,Foi voluntário a escolha de servir ,F12) - Josadeck e Ially
Talyta Noemi Lustosa Monteiro ,Feminino,Jaqueline ,F05) - Marcos Teodoro e Cristiane
Tamires Visgueira de Carvalho,Feminino,.,F12) - Josadeck e Ially
Tânia Vieira Da Cruz Moraes ,Feminino,Aisla,F03) - Jhonny e Elis
Thamires Raylane Duarte Rocha ,Feminino,Elisane,F03) - Jhonny e Elis
Thaynara Brandão ,Feminino,Alice,F01) - Wilson e Cleide
Thaysnara Brandão de Araújo ,Feminino,Aliciane ,Não tenho Líder ainda.
Valdamiria silios de amadeus,Feminino,Jaqueline ,F05) - Marcos Teodoro e Cristiane
Valquirene Vasconcelos da Silva Cunha ,Feminino,Meus líderes ,F05) - Marcos Teodoro e Cristiane
Vanessa dos Santos Oliveira ,Feminino,Fabio ,Não tenho Líder ainda.
Vanessa Saraiva da silva ,Feminino,Pra. Cleide Pr. wilson ,F01) - Wilson e Cleide
Vitoria Alessandra de Sousa Neves ,Feminino,Mujacy,F06) - Jozafá e Késia
Yasmin Rodrigues Coelho ,Feminino,Katienne ,F02) - Francisco e Chaguinha
Alessandro Nunes da Silva,Masculino,Felipe ,F02) - Francisco e Chaguinha
Alessandro Sousa da Silva,Masculino,Osmar ,F08) - Filho e Jane
Alexandre dos Santos Mendes ,Masculino,Anderson ,F07) - Italo e Arlania
Allyson dos Santos Batalha,Masculino,Tony Smith ,F08) - Filho e Jane
Allysson Moura Lima,Masculino,Fabio ,F03) - Jhonny e Elis
Andresson Rego Rodrigues Camisa ,Masculino,Pr. Wilson e Pra cleide,F01) - Wilson e Cleide
Antonio Ferreira,Masculino,Organização,F06) - Jozafá e Késia
Antônio Francisco de Oliveira Sousa Júnior ,Masculino,Célia ,F04) - Célia
Antônio Gustavo Miranda de Araújo,Masculino,Fábio ,F03) - Jhonny e Elis
Antonio Marques Morais da Silva ,Masculino,Timon,CARAVANA
Aquila Emanoel dos santos Coimbra,Masculino,Lucivaldo ,F01) - Wilson e Cleide
Carlos Eduardo ,Masculino,Fábio ,F03) - Jhonny e Elis
Carlos Eduardo leitão Rebelo ,Masculino,Wilsonney Júnior ,F01) - Wilson e Cleide
Carlos Eduardo Souza Oliveira ,Masculino,Eduardo,F05) - Marcos Teodoro e Cristiane
Cleuson da Silva Holanda ,Masculino,Timon,CARAVANA
David Braga ,Masculino,Júnior e Alexia ,F09) - Junior e Alexia
Dayvid Lucas Caldas da silva ,Masculino,Amanda Kelly Pires Alves ,F07) - Italo e Arlania
Deyson ,Masculino,Anderson ,F04) - Célia
Douglas Rafael de Sousa ,Masculino,Jesus Cristo ,F03) - Jhonny e Elis
Eduardo Oliveira ,Masculino,…,F12) - Josadeck e Ially
Elizardo Elton da Silva,Masculino,Pr Josadeck ,F12) - Josadeck e Ially
Emanoel Teodoro ,Masculino,Marcos Teodoro ,F05) - Marcos Teodoro e Cristiane
Erisvaldo dos Santos Júnior ,Masculino,Pastor Jhonildo,F03) - Jhonny e Elis
Fábio dos Santos Silva ,Masculino,Ninguém ,F03) - Jhonny e Elis
Francinaldo Ribeiro da Costa ,Masculino,Blenda/Francinete,F11) - Márcio e Jucélia
Francisco Anderson da Silva ,Masculino,Pastor Itallo Rosse ,F07) - Italo e Arlania
Francisco Basilio da Silva filho,Masculino,Lucivaldo ,F01) - Wilson e Cleide
Francisco Célio da costa pereira,Masculino,Lucivaldo ,F01) - Wilson e Cleide
FRANCISCO LEITE DE AGUIAR,Masculino,Pedro F8,F08) - Filho e Jane
Francisco Luciano Alves Sousa ,Masculino,Célia ,F04) - Célia
Francisco Romario Lima Sousa,Masculino,Eduardo Oliveira secretário ,F12) - Josadeck e Ially
Francisco Sérgio de castro e Silva,Masculino,Lucivaldo ,F01) - Wilson e Cleide
Francisco valderir de Souza Silva ,Masculino,Anderson Muriel,F07) - Italo e Arlania
Gabriel ,Masculino,Anderson ,F04) - Célia
Geovane Marques ,Masculino,Anderson ,F04) - Célia
Gilma Albino da Silva,Masculino,Pr. Wilson e Pra. Cleide ,F01) - Wilson e Cleide
Gleisson Amaral,Masculino,Júnior ,F09) - Junior e Alexia
Guilherme Santhiago Bastos Evangelista ,Masculino,Suzana ,Não tenho Líder ainda.
Hanry Riquelme da Silva Barbosa ,Masculino,Débora e yan ,F03) - Jhonny e Elis
Hélio Gustavo Borges Siqueira ,Masculino,Allane,F12) - Josadeck e Ially
HELY ANDERSON SOARES DE MELO,Masculino,Caio,F12) - Josadeck e Ially
Henrique ,Masculino,Anderson ,F04) - Célia
Herbert pereira costa ,Masculino,Anderson ,F07) - Italo e Arlania
Ildine felicio borges soares ,Masculino,Camila,F01) - Wilson e Cleide
Ítalo Gabriel dos Santos Oliveira,Masculino,Willame,F03) - Jhonny e Elis
Jackson Soares,Masculino,Fábio ,F03) - Jhonny e Elis
Jailson Igor dos Santos Costa ,Masculino,Hélison ,F12) - Josadeck e Ially
Jailton Bruno Nascimento delmiro,Masculino,Lucivaldo ,F01) - Wilson e Cleide
Jan Karlos Vidal de Sousa ,Masculino,Rafaela & Diego ,F02) - Francisco e Chaguinha
Jeferson Santos Oliveira,Masculino,Geysa,F03) - Jhonny e Elis
Jhon Brito Silva ,Masculino,Italo ,F07) - Italo e Arlania
Jhonata Barbosa Vanderlei ,Masculino,Natal é Lucas ,F08) - Filho e Jane
Joao Martins leitão ,Masculino,Camila e Lucivaldo ,F01) - Wilson e Cleide
João Victor ,Masculino,Anderson ,F04) - Célia
Joao Victor dos Santos Silva,Masculino,Jovania ,F09) - Junior e Alexia
Joaquim vivica neto,Masculino,Lucivaldo ,F01) - Wilson e Cleide
Jonas Freitas Silva ,Masculino,Lucivaldo ,F01) - Wilson e Cleide
José Carlos dos Santos Oliveira ,Masculino,Anderson ,F07) - Italo e Arlania
José da Cruz ,Masculino,Anderson ,F04) - Célia
José Luiz de Lima neto,Masculino,Lucivaldo ,F01) - Wilson e Cleide
José Maycon Alves de Carvalho ,Masculino,Pedro e Alcione ,F03) - Jhonny e Elis
José Mayke,Masculino,Fábio ,F03) - Jhonny e Elis
José Negreiros Santos Junior ,Masculino,Daniel ,F03) - Jhonny e Elis
José Nilva freire Rodrigues ,Masculino,Anderson ,F07) - Italo e Arlania
Joseph walesson da Silva Santana,Masculino,Phellipe Vasconcelos ,F02) - Francisco e Chaguinha
Josuel reis,Masculino,Anderson  F7,F07) - Italo e Arlania
Júnior Ribeiro ,Masculino,Anderson ,F04) - Célia
Kaio Francisco da Rocha Silva,Masculino,Osmar ,F08) - Filho e Jane
Kaio Gomes Barbosa ,Masculino,Apóstolo Soares ,F12) - Josadeck e Ially
Leonardo Miguel Sampaio de Oliveira ,Masculino,Artur veloso,F12) - Josadeck e Ially
Luan de Oliveira da Silva ,Masculino,Phellipe ,F02) - Francisco e Chaguinha
Lucas Eduardo dos Santos Silva ,Masculino,Lídia ,F01) - Wilson e Cleide
Lucivaldo Cavalcante de Sousa ,Masculino,Wilson e Cleide,F01) - Wilson e Cleide
Luiz Alves de lima ,Masculino,Lima ,F01) - Wilson e Cleide
Márcio Tex Freitas Andrade ,Masculino,Líderes Camila e Lucivaldo ,F01) - Wilson e Cleide
Marcos Vinicios Soares Lima,Masculino,Jovania,F09) - Junior e Alexia
Michael de oliveira araujo ,Masculino,Maria do amparo,F10) - Aurifran e Ana
Michel Cristian Pereira da Silva ,Masculino,Italo Rossi,F07) - Italo e Arlania
Milton Mourão ,Masculino,Eduardo ,F05) - Marcos Teodoro e Cristiane
Osmar Tomaz da Silva ,Masculino,Pr Filho ,F08) - Filho e Jane
Pablo da Nóbrega Simplício ,Masculino,Camila ,F01) - Wilson e Cleide
Pacharrus Queiroz Da Costa E Silva ,Masculino,Apóstolo Soares,F12) - Josadeck e Ially
Paulo Diniz Da Silva ,Masculino,Meus lideres ,F11) - Márcio e Jucélia
Paulo Eduardo,Masculino,Fábio ,F03) - Jhonny e Elis
Paulo Geovane magilas dos santos,Masculino,Lucivaldo ,F01) - Wilson e Cleide
Paulo Sérgio Araújo da Silva ,Masculino,Katienne ,F02) - Francisco e Chaguinha
Pedro Henrique dos Santos Tiago ,Masculino,Junior ,F01) - Wilson e Cleide
Pedro Rodrigues ,Masculino,Fábio ,F03) - Jhonny e Elis
RAFAEL AUGUSTO ALVES,Masculino,Líder ,F11) - Márcio e Jucélia
Rallyson Kelvin pereira de Souza,Masculino,Wilsonney Júnior ,F01) - Wilson e Cleide
Ramiro José da Silva Neto,Masculino,Fábio ,F03) - Jhonny e Elis
Ranilson José Silva ,Masculino,Fabio,F03) - Jhonny e Elis
Renam augusto da Silva Osório,Masculino,Lucivaldo ,F01) - Wilson e Cleide
Renato Arnon Matos de Oliveira ,Masculino,Henrique ,F06) - Jozafá e Késia
Renato Cavalcante Vicente,Masculino,Lucivaldo ,F01) - Wilson e Cleide
Rodrigo Carlos Ximenes da costa,Masculino,Lucivaldo ,F01) - Wilson e Cleide
Rodrigo Lopes Feitosa de Mesquita ,Masculino,Lucivaldo,F01) - Wilson e Cleide
Samuel pereira da costa ,Masculino,Juliane,F06) - Jozafá e Késia
Saulo Neri dos Santos,Masculino,Lucivaldo e Camila ,F01) - Wilson e Cleide
Sebastião Rodrigues de Oliveira ,Masculino,pr. Wilson ,F01) - Wilson e Cleide
Thiago Dias de Santana ,Masculino,Arthur Felipe Veloso ,F12) - Josadeck e Ially
Valbert felix de Souza ,Masculino,Anderson ,F07) - Italo e Arlania
Wanderson Vieira Santos ,Masculino,Phellipe Vasconcelos ,F02) - Francisco e Chaguinha
Wemerson Lailson,Masculino,.,F12) - Josadeck e Ially
Wenderson Renan Silva da Cruz ,Masculino,Anderson ,F07) - Italo e Arlania
Weslley demondes Barbosa de Sousa,Masculino,Lucivaldo ,F01) - Wilson e Cleide
Willame Nascimento da Silva ,Masculino,William e Márcia ,F03) - Jhonny e Elis
Wilsonney Sousa Nascimento Júnior ,Masculino,Wilson e Cleide ,F01) - Wilson e Cleide
Raquel Ribeiro ,Feminino,Camila,F01) - Wilson e Cleide
Maria Isadora de Sena Monteiro,Feminino,Gardênia ,F01) - Wilson e Cleide
Gabriela visgueira Alves ,Feminino,Cleide ,F01) - Wilson e Cleide
Lizziane Rodrigues de souza ,Feminino,Gardênia ,F01) - Wilson e Cleide
Alessandra Almeida Ferreira ,Feminino,Cleide ,F01) - Wilson e Cleide
Ana Beatriz da Cruz Silveira ,Feminino,Pastora Cleide ,F01) - Wilson e Cleide
Antonia Vitória de Souza Bisauchet ,Feminino,cleide,F01) - Wilson e Cleide
Isabelly Luiza Mendes de Oliveira Lima ,Feminino,Camila ,F01) - Wilson e Cleide
Lizziane Rodrigues de Souza,Feminino,Missionária gardênia ,F01) - Wilson e Cleide
Islandina de Fátima Freitas Andrade ,Feminino,Camila ,F01) - Wilson e Cleide
Geovana Franco da Silva ,Feminino,Missionária gardenian,F01) - Wilson e Cleide
Gabriela visgueira Alves ,Feminino,Camila ,F01) - Wilson e Cleide
Eronilde Oliveira da silva ,Feminino,Cleide ,F01) - Wilson e Cleide
Mara gislanne dos Santos Mesquita,Feminino,Gardenia ,F01) - Wilson e Cleide
Elayne Barbosa Lima  ,Feminino,Gardenia ,F01) - Wilson e Cleide
Kleudia Rodrigues de Oliveira,Feminino,cleide ,F01) - Wilson e Cleide
Maria Cândida Barbosa Neves,Feminino,Gardenia ,F01) - Wilson e Cleide
David Berckhan Lobo Silva ,Masculino,Wilsonney Júnior ,F01) - Wilson e Cleide
Cristiano de Oliveira Figueiredo ,Masculino,Gardênia ,F01) - Wilson e Cleide
Samuel Arthur Martins de Sousa ,Masculino,Gardênia ,F01) - Wilson e Cleide
Cristiano de Oliveira Figueiredo,Masculino,Missionária gardênia ,F01) - Wilson e Cleide
Gilmar Albino da Silva Júnior- ,Masculino,Missionária gardênia ,F01) - Wilson e Cleide
GUSTAVO DE SENA CARVALHO  ,Masculino,Lucivaldo,F01) - Wilson e Cleide
Vinicius Alves de Souza,Masculino,Wilsonney Júnior ,F01) - Wilson e Cleide
Reiandro de Sousa Moura ,Masculino,Wilsonney Júnior ,F01) - Wilson e Cleide
Wagner de Sousa Santos,Masculino,wilson ,F01) - Wilson e Cleide
Thais Sousa Rodrigues  ,Feminino,Cleide ,F01) - Wilson e Cleide
Sidnei Soares de Souza,Masculino,Wilson ,F01) - Wilson e Cleide
Michele REVIVA,Feminino,Pr. Carlos / Pra. Clédia / Otília,F01) - Wilson e Cleide
Leia REVIVA,Feminino,Pr. Carlos / Pra. Clédia / Otília,F01) - Wilson e Cleide
Charlene REVIVA,Feminino,Pr. Carlos / Pra. Clédia / Otília,F01) - Wilson e Cleide
Geni,Feminino,Pr. Carlos / Pra. Clédia / Otília,F01) - Wilson e Cleide
Gardenia dos Santos Tiago ,Feminino,Cleide e Wilson ,F01) - Wilson e Cleide
Maria Beatriz Pereira da Silva Sousa ,Feminino,Joelina,F02) - Francisco e Chaguinha
Larissa de jesus Araújo melo ,Feminino,Rafa,F02) - Francisco e Chaguinha
Leila Raquel Oliveira da Silva ,Feminino,Lindalva ,F02) - Francisco e Chaguinha
Geogia Cristiane de Oliveira,Feminino,Joana ,F02) - Francisco e Chaguinha
Ducilene Marques Viana ,Feminino,Lindalva ,F02) - Francisco e Chaguinha
Maxwell Kawan,Masculino,Desterro F2,F02) - Francisco e Chaguinha
Lirian sheyelen dias Lacerda ,Feminino,Larine,F03) - Jhonny e Elis
Ruth Gomes Amorim  ,Feminino,Marta Helena ,F03) - Jhonny e Elis
Ana Maria Pereira da Silva,Feminino,Larinne ,F03) - Jhonny e Elis
Ana Maria Pereira da Silva ,Feminino,Larinne Fernandes Lustosa ,F03) - Jhonny e Elis
Claudenan silva,Feminino,Alcione,F03) - Jhonny e Elis
Cleide ,Feminino,Gleice ,F03) - Jhonny e Elis
Miriam Barbosa,Feminino,Marta Helena ,F03) - Jhonny e Elis
Kauã Barbosa da Silva costa ,Masculino,Jhonny,F03) - Jhonny e Elis
Kelson Miguel ,Masculino,Ranilson ,F03) - Jhonny e Elis
Alexandre Araujo ,Masculino,Ranilson ,F03) - Jhonny e Elis
Larinne Fernandes Lustosa ,Feminino,Irei servir ,F03) - Jhonny e Elis
Lorena Teixeira dos Santos ,Feminino,Elenice e ivone,F03) - Jhonny e Elis
Ranilson José ,Masculino,Jhony ,F03) - Jhonny e Elis
Bionda Conceição da Silva Cabral,Feminino,Andréia Cavalcanti ,F04) - Célia
Marimar barros de oliveira,Feminino,Deusimar ,F04) - Célia
Mykaelly monysya Bonfim Ribeiro ,Feminino,Marla larrisa,F04) - Célia
Sayra saiane Rodrigues ,Feminino,Erica ,F04) - Célia
Antônia Marília da Costa Calaça,Feminino,Eduarda sousa,F04) - Célia
Hadassa Raquel Almeida de Sousa ,Feminino,Jaqueline Cardoso,F05) - Marcos Teodoro e Cristiane
Ana Paula Maria dos Santos ,Feminino,Cristiane ,F05) - Marcos Teodoro e Cristiane
Ludmylla oliveira da silva martins,Feminino,Grazzy ,F06) - Jozafá e Késia
Samara evangelista do Nascimento ,Feminino,Cherlanilson,F06) - Jozafá e Késia
Mateus Vieira evangelista ,Masculino,André ,F06) - Jozafá e Késia
SAMUEL PEREIRA da costa ,Masculino,Juliane ,F06) - Jozafá e Késia
Kamilly vitória Aguiar Lima ,Feminino,Arlania ,F07) - Italo e Arlania
Débora ,Feminino,Lucas e mayla,F08) - Filho e Jane
Cristiane Raquel ,Feminino,Lucidio e Carol ,F08) - Filho e Jane
Maria Aparecida Rauanny Fernandes de Sousa ,Feminino,Elizangela ,F08) - Filho e Jane
Deusdilene Maria Campelo Torres Veras ,Feminino,Osmar Tomaz ,F08) - Filho e Jane
Maria Eduarda de Sousa Rodrigues ,Feminino,Pollyana Figueiredo ,F08) - Filho e Jane
Joice Kelly Alves Neves ,Feminino,Pollyana Figueiredo ,F08) - Filho e Jane
Jéssica Larissa Oliveira ,Feminino,Susana,F08) - Filho e Jane
Kerryson vinicius,Masculino,Sylas,F08) - Filho e Jane
Ronaldo,Masculino,Lucas e mayla,F08) - Filho e Jane
Antonio José da Silva Neto ,Masculino,Lucidio e Ana Caroline,F08) - Filho e Jane
Ronaldo,Masculino,Lucas e maylla,F08) - Filho e Jane
Marcus Vinicius Vasconcelos da Silva ,Masculino,Eldan ,F08) - Filho e Jane
Valderi Alves Feitosa Filho ,Masculino,Eldan ,F08) - Filho e Jane
Victor Gabriel Sales Gomes ,Masculino,Eldan,F08) - Filho e Jane
Arley portela,Masculino,Paulo Henrique,F08) - Filho e Jane
Sérgio Leonardo Campelo Veras ,Masculino,Osmar Tomaz ,F08) - Filho e Jane
Ariel da chagas de Lima,Masculino,Oruam Sousa ,F08) - Filho e Jane
José Conceição Lima Silva ,Masculino,Osmar ,F08) - Filho e Jane
Edésio Santos da Silva ,Masculino,Osmar ,F08) - Filho e Jane
Everton duarlly pereira dos santos ,Masculino,Osmar ,F08) - Filho e Jane
Danielly Maria da Silva Santos ,Feminino,Alexia,F09) - Junior e Alexia
Juliana de Sá Santana ,Feminino,Isabel ,F10) - Aurifran e Ana
Lais Alencar ,Feminino,Isabel Moreira ,F10) - Aurifran e Ana
Antonio Francisco Lima Neto ,Masculino,Carlos ,F10) - Aurifran e Ana
Isabel Cristina Rodrigues Moreira ,Feminino,Decidi ir,F10) - Aurifran e Ana
Ana Caroline Silva Oliveira ,Feminino,Marbra Luana ,F10) - Aurifran e Ana
Francielle de Sousa Bezerra ,Feminino,Geração F10,F10) - Aurifran e Ana
Ana Caroline Silva Oliveira ,Feminino,Marbra Luana ,F10) - Aurifran e Ana
Andressa Santos,Feminino,Isabel,F10) - Aurifran e Ana
Bruno leno carvalho ,Masculino,Pr. Marcio,F11) - Márcio e Jucélia
márcio jenys Almeida e Silva,Masculino,Pr.Marcio,F11) - Márcio e Jucélia
Larissa Helen Marinho de Morais,Feminino,Helaíne Cristina,F12) - Josadeck e Ially
Edna Maria da Conceição Sousa,Feminino,Natália e Wanderson Chaves ,F12) - Josadeck e Ially
Gerria Rodrigues ,Feminino,Pr.IALLY ,F12) - Josadeck e Ially
Ildomar Vieira de Sousa Júnior,Masculino,Artur Felipe Veloso,F12) - Josadeck e Ially
Dick,Masculino,Lucas Castelo,F12) - Josadeck e Ially
Artur Felipe da Silva Veloso,Masculino,Espírito Santo,F12) - Josadeck e Ially
Lucas Castelo,Masculino,Pablo,F12) - Josadeck e Ially
Débora Lourrany Batista Avelino Dias,Feminino,Artur e Erica,F12) - Josadeck e Ially
Rosinha Dias de santana ,Feminino,Artur e Erica,F12) - Josadeck e Ially
Lucas Vinicius Sampaio de Sousa ,Masculino,Artur e Erica,F12) - Josadeck e Ially
Amanda Kellyy,Feminino,Artur e Erica,F12) - Josadeck e Ially
Larissa de jesus Araújo melo ,Feminino,Ninguém ,Não tenho Líder ainda.
Mateus Vieira evangelista ,Masculino,Andre,Não tenho Líder ainda.
Ricardo Pinto,Masculino,Andréia Cavalcante,Não tenho Líder ainda.
Nicolas do nascimento pereira,Masculino,Osmar ,F08) - Filho e Jane
Wesley Riel da Silva Souza ,Masculino,Osmar ,F08) - Filho e Jane
Geovane ,Masculino,Jhonatan ,F06) - Jozafá e Késia
Cherlanilson Rodrigues da silva leite ,Masculino,Dárlly Reis ,F06) - Jozafá e Késia
Victor Manoel Silva ,Masculino,Osmar ,F08) - Filho e Jane
Eldan Cardoso ,Masculino,Eldan Cardoso ,F08) - Filho e Jane
ANDRÉ RODRIGUE NOGUEIRA,Masculino,Davi ,F01) - Wilson e Cleide
Wellington Silva Júnior ,Masculino,Marcia,F03) - Jhonny e Elis
Ivanildo de Sousa lira ,Masculino,Bruno lopes,F06) - Jozafá e Késia
Luis de aquino sousa neto,Masculino,Bruno lopes,F06) - Jozafá e Késia
Jefferson da silva luz,Masculino,Bruno lopes,F06) - Jozafá e Késia
Marcos Cleiton Sousa Santos,Masculino,Bruno lopes,F06) - Jozafá e Késia
Herbert Pereira costa ,Masculino,Arlania ,F07) - Italo e Arlania
Francinaldo Freitas de Souza ,Masculino,Filho f 2,F02) - Francisco e Chaguinha
Dudu secretária ,Masculino,…,F12) - Josadeck e Ially
Lucas Rafael Sousa de Oliveira ,Masculino,Italo Rossi ,F07) - Italo e Arlania
Gabriel Lima da Costa ,Masculino,Italo ,F07) - Italo e Arlania
Gabriel Lima da Costa ,Masculino,Itallo,F07) - Italo e Arlania
Gabriel Lima da Costa ,Masculino,Itallo,F07) - Italo e Arlania
Samuel Arthur Martins de Sousa,Masculino,Gardenia Martins,F01) - Wilson e Cleide